Deviation_ID,Description,Deviation_Type,Root_Cause_Category,Risk_Severity
DEV-2025-0001,"During routine in-process testing, assay results for Batch B25-001 were found to be out of specification (OOS) on initial analysis. Investigation identified that the mixing step exceeded the validated time range due to operator misinterpretation of the batch record instructions. The deviation was detected prior to batch release. No impact to previously released batches was identified, and the batch was placed on quality hold pending investigation and disposition.",Process,Human Error,Medium
DEV-2025-0002,"A temperature excursion was observed in the finished goods warehouse when the monitoring system recorded temperatures above 25Â°C for approximately four hours. Review of data showed delayed response to the alarm notification. Impact assessment confirmed that affected lots remained within labeled stability allowances. The deviation was documented, and corrective actions were initiated to improve alarm response procedures.",Environmental,Procedure Inadequate,Medium
DEV-2025-0003,"During equipment setup for tablet compression, the punch lubrication system failed to dispense lubricant at the validated rate. The issue was identified after visual defects were observed on compressed tablets. Equipment logs indicated a mechanical blockage. The batch was rejected due to potential impact on content uniformity and tablet integrity. Maintenance and requalification activities were initiated.",Equipment,Equipment Malfunction,High
DEV-2025-0004,"A discrepancy was noted between the approved master batch record and the executed batch record regarding sampling frequency. The operator followed an outdated controlled copy. No product quality impact was identified, as all required samples were ultimately collected and tested within specification. The deviation was recorded to address document control and training gaps.",Documentation,Training Deficiency,Low
DEV-2025-0005,"Incoming raw material lactose monohydrate failed identity testing upon receipt. Investigation revealed that the supplier provided material from an unapproved manufacturing site. The material was rejected and segregated. Supplier qualification records were reviewed, and a supplier corrective action request was issued to prevent recurrence.",Material,Supplier Issue,High
DEV-2025-0006,"During cleaning verification of the granulation equipment, swab results exceeded established residue limits. Review determined that the operator omitted a validated rinse step in the cleaning procedure. The equipment was re-cleaned and re-tested with acceptable results. No batches were processed on the equipment prior to resolution.",Process,Human Error,Medium
DEV-2025-0007,"A batch manufacturing record was not reviewed within the required five business days due to QA staffing constraints. The delay did not impact batch release timelines or product quality. The deviation was documented to address procedural adherence and workload management within the quality unit.",Documentation,Procedure Inadequate,Low
DEV-2025-0008,"During routine calibration, a balance used for dispensing active pharmaceutical ingredient was found to be out of tolerance. Historical review identified multiple batches weighed on the balance since the last acceptable calibration. Risk assessment concluded no significant impact based on redundant weight checks. The balance was removed from service and recalibrated.",Equipment,Equipment Malfunction,Medium
DEV-2025-0009,"An operator entered an incorrect lot number on the label reconciliation form during packaging operations. The error was detected during line clearance reconciliation. No mislabeled product was released. The deviation was recorded to reinforce data integrity and documentation accuracy expectations.",Documentation,Human Error,Low
DEV-2025-0010,"Environmental monitoring results from Grade C area showed elevated viable counts above alert limits. Investigation determined that cleaning frequency was insufficient during increased production activity. Enhanced cleaning was implemented, and subsequent monitoring results were within limits. No sterility assurance impact was identified.",Environmental,Procedure Inadequate,Medium
DEV-2025-0011,"A training record review revealed that a newly assigned operator performed equipment setup prior to completing required GMP training. The task was supervised, and no errors were observed. The deviation was documented to address training compliance and access control to manufacturing activities.",Training,Training Deficiency,Low
DEV-2025-0012,"During stability testing, a long-term sample showed a marginal trend toward specification limits. Investigation linked the result to a brief temperature excursion during sample storage. The excursion remained within allowable limits, and no formal OOS occurred. Enhanced monitoring controls were implemented.",Environmental,Equipment Malfunction,Low
DEV-2025-0013,"A batch was rejected after dissolution results failed to meet specification during final testing. Investigation identified inadequate granulation moisture control due to inconsistent process monitoring. Corrective actions included revision of in-process controls and retraining of manufacturing staff.",Process,Procedure Inadequate,High
DEV-2025-0014,"An unapproved pen was observed being used to complete GMP documentation on the manufacturing floor. Although the entries were legible and accurate, the deviation was recorded to reinforce data integrity requirements and controlled documentation practices.",Documentation,Human Error,Low
DEV-2025-0015,"A preventive maintenance activity on the coating pan was performed later than the scheduled interval. Review of equipment performance showed no abnormalities. The deviation was documented to improve maintenance planning and tracking within the computerized maintenance management system.",Equipment,Other,Low
DEV-2025-0016,"Raw material packaging was found damaged upon receipt, with potential risk of contamination. The material was quarantined and inspected. No contamination was detected, but the shipment was rejected as a precaution. Supplier handling practices were reviewed.",Material,Supplier Issue,Medium
DEV-2025-0017,"During media fill simulation, an operator deviated from the approved aseptic technique by reaching over open containers. The simulation was failed, and a full investigation was conducted. Retraining and requalification of involved personnel were required.",Training,Human Error,High
DEV-2025-0018,"A deviation was opened when an electronic batch record system experienced temporary downtime, requiring use of paper backup records. Data reconciliation confirmed completeness and accuracy. System validation and IT controls were reviewed.",Documentation,Equipment Malfunction,Medium
DEV-2025-0019,"Cleaning validation acceptance criteria were not met for one sampling location during routine verification. Investigation identified worn gaskets as a potential source of residue retention. Gaskets were replaced and the equipment was revalidated.",Equipment,Equipment Malfunction,Medium
DEV-2025-0020,"During packaging operations, line clearance was initiated before completion of reconciliation from the previous batch. The issue was identified immediately, and operations were halted. No mix-up occurred. The deviation was documented to reinforce procedural compliance.",Process,Human Error,Medium
DEV-2025-0021,"An SOP revision was implemented without updating the associated training matrix. As a result, impacted personnel were not retrained in a timely manner. No operational errors were linked to the lapse. The deviation addressed document change management controls.",Training,Procedure Inadequate,Low
DEV-2025-0022,"A humidity excursion was recorded in the raw material storage area due to HVAC malfunction. Assessment confirmed that affected materials were moisture stable. Maintenance repairs were completed, and environmental monitoring was enhanced.",Environmental,Equipment Malfunction,Low
DEV-2025-0023,"A supplier change notification for a critical excipient was not communicated to QA prior to receipt. The material was placed on hold until qualification was completed. Supplier oversight processes were revised.",Material,Procedure Inadequate,Medium
DEV-2025-0024,"During visual inspection, an increased reject rate was observed for cosmetic defects. Investigation linked the issue to worn tooling. Tooling was replaced, and reject rates returned to baseline.",Equipment,Equipment Malfunction,Medium
DEV-2025-0025,"An analyst used an expired reference standard during HPLC system suitability testing. The error was detected during peer review. Testing was repeated using a qualified standard, with acceptable results.",Process,Human Error,Low
DEV-2025-0026,"Batch documentation contained missing operator initials for one processing step. Interview confirmed the step was performed as required. The deviation was recorded to emphasize real-time documentation practices.",Documentation,Human Error,Low
DEV-2025-0027,"A deviation was initiated when compressed air quality test results exceeded action limits. Investigation identified a compromised filter. The system was repaired and requalified prior to use.",Equipment,Equipment Malfunction,High
DEV-2025-0028,"During annual product review, a trend of minor weight variability was noted. Although within specification, the deviation was documented to proactively address process capability and control.",Process,Other,Low
DEV-2025-0029,"An incorrect cleaning agent concentration was prepared due to calculation error. The solution was not used, and the error was detected during QA verification. Retraining on calculation procedures was completed.",Process,Training Deficiency,Low
DEV-2025-0030,"Warehouse staff stored a temperature-sensitive intermediate outside the designated cold room for approximately 30 minutes. Stability data supported no impact. The deviation reinforced material handling requirements.",Material,Human Error,Low
DEV-2025-0031,"An audit trail review identified unauthorized user access to a laboratory system. No data manipulation was detected. User access controls were revised, and the incident was documented.",Documentation,Procedure Inadequate,Medium
DEV-2025-0032,"During blending, segregation was observed due to incorrect blender load configuration. The batch was rejected due to potential content uniformity risk. Process parameters were updated.",Process,Procedure Inadequate,High
DEV-2025-0033,"A cleaning log entry was completed after the activity rather than contemporaneously. While no impact was identified, the deviation addressed ALCOA principles.",Documentation,Human Error,Low
DEV-2025-0034,"Environmental monitoring plates were incubated at an incorrect temperature. Results were invalidated and re-sampling was performed. No adverse trends were identified.",Environmental,Human Error,Low
DEV-2025-0035,"A training effectiveness assessment revealed that an operator misunderstood critical control points in granulation. No errors had occurred. The deviation resulted in enhanced training materials.",Training,Training Deficiency,Low
DEV-2025-0036,"During API dispensing, a barcode scanner malfunction caused manual entry of material codes. Verification confirmed correct material usage. The scanner was repaired.",Equipment,Equipment Malfunction,Medium
DEV-2025-0037,"A supplier certificate of analysis was missing required test results upon receipt. Material was quarantined until corrected documentation was provided.",Material,Supplier Issue,Medium
DEV-2025-0038,"During qualification, a temperature mapping probe was found misplaced, invalidating the study. The qualification was repeated with correct setup.",Equipment,Human Error,Low
DEV-2025-0039,"An SOP referenced an obsolete regulatory guideline. The deviation was documented to ensure alignment with current regulatory expectations.",Documentation,Procedure Inadequate,Low
DEV-2025-0040,"A batch experienced foaming during solution preparation due to incorrect agitation speed. The batch was rejected following investigation.",Process,Human Error,High
DEV-2025-0041,"Cleaning validation documentation was incomplete due to missing attachments. The deviation addressed record completeness.",Documentation,Other,Low
DEV-2025-0042,"A power interruption caused temporary shutdown of lyophilization equipment. Process data review confirmed no impact to critical parameters.",Equipment,Other,Medium
DEV-2025-0043,"An operator failed to follow gowning sequence in a controlled area. The incident was observed and corrected immediately.",Training,Human Error,Low
DEV-2025-0044,"A label roll was staged in the wrong packaging room. Line clearance prevented use. The deviation reinforced segregation controls.",Material,Human Error,Medium
DEV-2025-0045,"An analytical method deviation occurred when a non-validated column was used. Testing was repeated using the validated method.",Process,Human Error,Medium
DEV-2025-0046,"A deviation was opened due to delayed review of environmental monitoring trends. No adverse impact was identified.",Environmental,Procedure Inadequate,Low
DEV-2025-0047,"An equipment logbook was not available at point of use due to misfiling. The issue was corrected, and documentation controls were reviewed.",Documentation,Other,Low
DEV-2025-0048,"During packaging, torque verification was missed at one interval. Subsequent checks were acceptable. Risk assessment supported batch release.",Process,Human Error,Medium
DEV-2025-0049,"A training curriculum did not include recent SOP updates. No deviations resulted, but the gap was documented.",Training,Procedure Inadequate,Low
DEV-2025-0050,"A minor crack was observed on a non-product contact surface of a mixing vessel. Engineering assessed no impact to product quality. Repair was scheduled.",Equipment,Other,Low
DEV-2025-0051,"During routine reconciliation of printed packaging components, a discrepancy was identified between issued and returned labels for Batch P25-014. Investigation confirmed that the count error resulted from manual miscounting during line clearance. All finished product units were reconciled and confirmed correct. No impact to labeling accuracy or patient safety was identified. The deviation was recorded to address reconciliation practices and reinforce double-check requirements during packaging operations.",Process,Human Error,Low
DEV-2025-0052,"An HVAC alarm indicated a pressure differential excursion between Grade B and adjacent Grade C areas during aseptic filling. The excursion lasted approximately six minutes before being corrected. Environmental monitoring data showed no adverse trends. Root cause was traced to a faulty pressure sensor requiring replacement. The deviation was documented due to potential impact on aseptic conditions, although no sterility assurance breach was identified.",Environmental,Equipment Malfunction,Medium
DEV-2025-0053,"During review of supplier documentation, it was identified that the change notification for a revised synthesis step of the API was received after material shipment. The material was placed on quality hold pending impact assessment. Additional testing and risk evaluation concluded no adverse impact to quality attributes. Supplier change communication processes were reviewed and strengthened.",Material,Supplier Issue,Medium
DEV-2025-0054,"A manufacturing operator deviated from the validated sieve size during dry granulation due to availability constraints. The deviation was identified during batch record review. Investigation concluded that the change could impact particle size distribution and dissolution. The batch was rejected, and corrective actions included improved material staging and escalation procedures.",Process,Human Error,High
DEV-2025-0055,"An internal audit identified that periodic review of logbooks for a compression machine had not been performed according to SOP requirements. No undocumented activities were identified upon retrospective review. The deviation addressed procedural adherence and quality oversight rather than direct product quality impact.",Documentation,Procedure Inadequate,Low
DEV-2025-0056,"During analytical testing, system suitability criteria were initially not met due to unstable baseline response. Investigation identified air bubbles in the mobile phase line caused by improper degassing. After correction, system suitability passed and sample results were acceptable. The deviation was documented to reinforce proper method setup.",Process,Human Error,Low
DEV-2025-0057,"A power fluctuation caused brief interruption of automated vial washing equipment. Cycle parameters were reviewed and confirmed to have resumed correctly. No partially washed vials were used. The deviation was documented due to equipment interruption in a critical process step.",Equipment,Other,Medium
DEV-2025-0058,"Training records indicated that annual gowning qualification for one operator had expired prior to participation in Grade B operations. The operator was supervised, and no gowning errors were observed. The deviation addressed training compliance and tracking controls.",Training,Training Deficiency,Low
DEV-2025-0059,"During cleaning verification, visual inspection identified residual powder accumulation beneath removable equipment guards. The cleaning SOP did not clearly specify removal of these guards. The deviation resulted in SOP revision and retraining. No batches were processed prior to correction.",Process,Procedure Inadequate,Medium
DEV-2025-0060,"An OOS result was generated for moisture content during in-process testing. Investigation confirmed instrument calibration drift due to overdue maintenance. Retesting using a calibrated instrument produced acceptable results. Impact assessment confirmed no batch quality impact.",Equipment,Equipment Malfunction,Medium
DEV-2025-0061,"A deviation was initiated when a batch manufacturing step exceeded the validated hold time due to unplanned shift change delays. Stability data supported acceptability of the extended hold. The event was documented to improve scheduling and communication controls.",Process,Other,Low
DEV-2025-0062,"During receipt inspection, outer packaging of a temperature-sensitive excipient showed evidence of condensation. Data logger review confirmed temperature remained within acceptable limits. The material was released with documented justification.",Material,Other,Low
DEV-2025-0063,"An incorrect version of a test method was referenced during analyst training. Although testing was performed correctly, the documentation discrepancy was recorded to address training material control.",Training,Procedure Inadequate,Low
DEV-2025-0064,"Environmental monitoring trending identified repeated alert-level recoveries near a material transfer door. Investigation determined that door opening frequency increased during peak operations. Engineering and procedural controls were implemented to mitigate airflow disruption.",Environmental,Procedure Inadequate,Medium
DEV-2025-0065,"A deviation was opened when a balance failed daily verification due to worn load cells. The balance was removed from service. Review confirmed no impact to previously weighed materials due to secondary verification steps.",Equipment,Equipment Malfunction,Medium
DEV-2025-0066,"An operator failed to document completion time for a blending step in the batch record. Interview and supporting equipment data confirmed execution within validated parameters. The deviation addressed documentation completeness.",Documentation,Human Error,Low
DEV-2025-0067,"During annual requalification, a cleanroom airflow visualization study showed minor turbulence near an unused port. Engineering assessed no risk to product exposure. The deviation was documented for facility improvement tracking.",Environmental,Other,Low
DEV-2025-0068,"A deviation was initiated when a reagent used for analytical testing was found past its assigned in-use expiry. Testing was repeated with qualified reagent, yielding consistent results.",Process,Human Error,Low
DEV-2025-0069,"Supplier-provided sterilization certificates for primary packaging components were incomplete upon receipt. Components were quarantined until full documentation was obtained and reviewed.",Material,Supplier Issue,Medium
DEV-2025-0070,"A batch was placed on hold after coating thickness variability exceeded in-process limits. Investigation identified inconsistent spray rate due to nozzle wear. The batch was rejected due to potential dissolution impact.",Equipment,Equipment Malfunction,High
DEV-2025-0071,"A deviation was opened due to delayed approval of a critical SOP revision following regulatory update. No non-compliant activities occurred during the delay.",Documentation,Other,Low
DEV-2025-0072,"An operator incorrectly interpreted a torque specification as a range rather than a target value during packaging setup. The issue was identified during QA verification prior to operation. The deviation addressed training effectiveness.",Training,Human Error,Low
DEV-2025-0073,"An electronic alarm notification failed to transmit to the on-call phone during a weekend temperature excursion. Manual review identified the issue. IT controls and redundancy measures were enhanced.",Environmental,Equipment Malfunction,Medium
DEV-2025-0074,"A deviation was recorded when a batch record page was scanned incorrectly, resulting in incomplete electronic archive. The original hardcopy record was intact and verified.",Documentation,Human Error,Low
DEV-2025-0075,"During dispensing, an operator selected an incorrect scoop size but corrected the error prior to weighing. No incorrect material quantities were used. The deviation reinforced dispensing controls.",Process,Human Error,Low
DEV-2025-0076,"Compressed air testing showed oil vapor levels approaching action limits. Investigation traced the issue to a degrading compressor seal. Maintenance actions were taken and system requalified.",Equipment,Equipment Malfunction,Medium
DEV-2025-0077,"A training deviation was initiated when refresher GMP training was completed late for several warehouse staff. No handling errors were identified.",Training,Procedure Inadequate,Low
DEV-2025-0078,"An unplanned shutdown of the purified water system occurred during sanitization. Review confirmed no distribution to manufacturing occurred during the event.",Equipment,Other,Medium
DEV-2025-0079,"An analyst deviated from the validated sample sonication time during dissolution testing. Repeat testing was required. No impact to released product occurred.",Process,Human Error,Low
DEV-2025-0080,"During routine inspection, corrosion was noted on a non-product contact support structure in the blending suite. Engineering assessed no contamination risk. Repair was scheduled.",Equipment,Other,Low
DEV-2025-0081,"A deviation was opened when an SOP referenced an outdated acceptance criterion. No testing failures occurred.",Documentation,Procedure Inadequate,Low
DEV-2025-0082,"Environmental monitoring plates were exposed beyond validated time during sampling. Results were invalidated and resampling conducted.",Environmental,Human Error,Low
DEV-2025-0083,"A batch experienced delayed transfer to drying due to equipment availability. Hold time was exceeded but supported by stability data.",Process,Other,Low
DEV-2025-0084,"A supplier failed to notify of minor formulation aid change. Risk assessment confirmed no impact to quality.",Material,Supplier Issue,Low
DEV-2025-0085,"Packaging line clearance documentation was missing QA verification signature at time of operation. Signature was obtained retrospectively following confirmation of clearance.",Documentation,Human Error,Low
DEV-2025-0086,"An operator failed to remove previous batch status label from equipment prior to setup. The issue was identified during pre-use check.",Process,Human Error,Medium
DEV-2025-0087,"A deviation was initiated due to repeated minor excursions in humidity trends during monsoon season. HVAC capacity review was initiated.",Environmental,Other,Medium
DEV-2025-0088,"A reagent preparation worksheet contained a calculation error detected during QA review. The reagent was discarded and remade.",Process,Human Error,Low
DEV-2025-0089,"During maintenance, an incorrect gasket material was temporarily installed. The issue was identified before equipment use.",Equipment,Human Error,Medium
DEV-2025-0090,"A training assessment revealed misunderstanding of data integrity requirements related to audit trails. No data issues were found.",Training,Training Deficiency,Low
DEV-2025-0091,"An OOT trend was identified for tablet hardness during stability review. Investigation initiated to monitor long-term process capability.",Process,Other,Low
DEV-2025-0092,"A deviation was recorded due to missing temperature chart printout for one shipment. Electronic data was available and reviewed.",Documentation,Other,Low
DEV-2025-0093,"A batch experienced segregation during transfer due to improper chute alignment. The batch was rejected.",Process,Human Error,High
DEV-2025-0094,"Warehouse mapping study identified a cold spot below alert limits. Corrective actions were implemented.",Environmental,Procedure Inadequate,Medium
DEV-2025-0095,"A supplier CoA was found to be unsigned. Material was placed on hold until corrected documentation received.",Material,Supplier Issue,Low
DEV-2025-0096,"During gowning qualification, an operator touched a non-classified surface. The run was invalidated.",Training,Human Error,Medium
DEV-2025-0097,"A deviation was initiated due to overdue review of cleaning validation protocol. No cleaning failures occurred.",Documentation,Other,Low
DEV-2025-0098,"A tablet press experienced intermittent feeder blockage. Investigation identified powder flow issues.",Equipment,Equipment Malfunction,Medium
DEV-2025-0099,"Incorrect sampling thief was selected during blend uniformity sampling. Samples were re-collected correctly.",Process,Human Error,Low
DEV-2025-0100,"A minor leak was observed in a utility water line outside production areas. No impact to GMP systems was identified.",Equipment,Other,Low
DEV-2025-0101,"A data integrity review identified shared user credentials on a legacy system. Access controls were updated.",Documentation,Procedure Inadequate,Medium
DEV-2025-0102,"An operator missed a scheduled in-process pH check due to shift handover miscommunication. Subsequent checks were acceptable.",Process,Human Error,Medium
DEV-2025-0103,"During receipt, secondary packaging components were staged outside the designated quarantine area. No mix-up occurred.",Material,Human Error,Low
DEV-2025-0104,"A deviation was opened when an SOP effective date was incorrectly entered into the document control system.",Documentation,Human Error,Low
DEV-2025-0105,"Environmental monitoring incubator temperature was found slightly outside range during incubation. Plates were re-incubated.",Environmental,Equipment Malfunction,Low
DEV-2025-0106,"A training deviation occurred when contractor GMP induction was completed after site access was granted.",Training,Procedure Inadequate,Low
DEV-2025-0107,"During blending, load verification was not documented at the required frequency. Equipment data confirmed compliance.",Process,Human Error,Low
DEV-2025-0108,"A deviation was initiated due to delayed review of OOS investigation report. No release delays occurred.",Documentation,Other,Low
DEV-2025-0109,"A supplier-provided stability commitment letter was missing from the qualification package.",Material,Supplier Issue,Low
DEV-2025-0110,"A batch failed friability testing due to insufficient binder distribution. The batch was rejected.",Process,Procedure Inadequate,High
DEV-2025-0111,"A deviation was recorded for incorrect waste labeling in a manufacturing suite. No cross-contamination risk identified.",Process,Human Error,Low
DEV-2025-0112,"An equipment alarm was disabled during troubleshooting without documentation. The issue was corrected immediately.",Equipment,Human Error,Medium
DEV-2025-0113,"Environmental monitoring sample location was incorrectly documented. Actual location met requirements.",Environmental,Human Error,Low
DEV-2025-0114,"A deviation was initiated due to late completion of annual GMP refresher training for QA staff.",Training,Other,Low
DEV-2025-0115,"A batch experienced color variation during coating. Investigation identified pigment dispersion issue.",Process,Procedure Inadequate,Medium
DEV-2025-0116,"A deviation was opened due to incomplete deviation closure documentation. No quality impact occurred.",Documentation,Other,Low
DEV-2025-0117,"An operator selected an incorrect filter pore size during solution filtration. The issue was identified before use.",Process,Human Error,Medium
DEV-2025-0118,"Compressed gas cylinder labeling was found partially damaged during inspection. Cylinders were replaced.",Material,Other,Low
DEV-2025-0119,"A deviation was recorded when trending of complaint data was not performed per schedule.",Documentation,Procedure Inadequate,Low
DEV-2025-0120,"An unqualified software patch was temporarily applied to a non-critical system. The change was reverted.",Equipment,Procedure Inadequate,Medium
DEV-2025-0121,"A temperature probe failed calibration due to sensor drift. Historical data review showed no excursions.",Equipment,Equipment Malfunction,Low
DEV-2025-0122,"During dispensing, line-of-sight segregation was briefly compromised due to space constraints.",Material,Other,Medium
DEV-2025-0123,"An SOP revision omitted reference to an associated form. The deviation addressed documentation completeness.",Documentation,Human Error,Low
DEV-2025-0124,"A deviation was initiated due to delayed response to an environmental alert alarm.",Environmental,Human Error,Medium
DEV-2025-0125,"An operator failed to sign off a critical step in real time. Signature was added later with justification.",Documentation,Human Error,Low
DEV-2025-0126,"A batch experienced inconsistent fill volumes due to pump wear. The batch was rejected.",Equipment,Equipment Malfunction,High
DEV-2025-0127,"A training matrix did not reflect recent role changes for manufacturing staff.",Training,Procedure Inadequate,Low
DEV-2025-0128,"A deviation was recorded for incomplete reconciliation of returned bulk containers. Investigation confirmed accuracy.",Material,Human Error,Low
DEV-2025-0129,"An environmental monitoring trend showed gradual increase in non-viable counts. Preventive maintenance initiated.",Environmental,Other,Low
DEV-2025-0130,"A reagent label was partially illegible due to solvent exposure. The reagent was discarded.",Material,Human Error,Low
DEV-2025-0131,"A deviation was opened when batch release checklist was missing one attachment.",Documentation,Other,Low
DEV-2025-0132,"An operator bypassed an interlock during equipment cleaning without authorization. No operation occurred.",Equipment,Human Error,Medium
DEV-2025-0133,"A deviation was initiated due to late initiation of an investigation beyond SOP timelines.",Documentation,Procedure Inadequate,Low
DEV-2025-0134,"During solution preparation, mixing speed exceeded validated range briefly. Impact assessment showed no effect.",Process,Human Error,Low
DEV-2025-0135,"An environmental monitoring settle plate was overturned during exposure. Sample was invalidated.",Environmental,Human Error,Low
DEV-2025-0136,"A deviation was recorded when warehouse pest control logs were incomplete.",Environmental,Other,Low
DEV-2025-0137,"A supplier audit identified deficiencies in documentation practices. No impacted material was received.",Material,Supplier Issue,Medium
DEV-2025-0138,"An SOP training quiz did not cover newly added critical steps.",Training,Procedure Inadequate,Low
DEV-2025-0139,"A deviation was opened when an analyst failed to save raw data files to the designated server.",Documentation,Human Error,Medium
DEV-2025-0140,"A batch experienced unexpected viscosity increase during solution preparation. Root cause under investigation.",Process,Other,Medium
DEV-2025-0141,"A deviation was initiated due to missing review of calibration records during internal audit.",Documentation,Other,Low
DEV-2025-0142,"An operator selected incorrect PPE for a controlled area. The issue was corrected immediately.",Training,Human Error,Low
DEV-2025-0143,"A deviation was opened due to delayed disposal of rejected material beyond SOP timeframe.",Material,Procedure Inadequate,Low
DEV-2025-0144,"An environmental monitoring incubator experienced brief power loss. Plates were evaluated and deemed acceptable.",Environmental,Other,Low
DEV-2025-0145,"A deviation was recorded when cleaning verification results were not trended quarterly.",Documentation,Procedure Inadequate,Low
DEV-2025-0146,"A batch failed appearance specification due to particulate matter. The batch was rejected.",Process,Other,High
DEV-2025-0147,"A deviation was initiated due to incomplete handover documentation between shifts.",Documentation,Human Error,Low
DEV-2025-0148,"An equipment status label was missing from a cleaned vessel. Status was confirmed verbally.",Equipment,Human Error,Low
DEV-2025-0149,"A training deviation occurred when an SOP assessment was not completed within required timeframe.",Training,Other,Low
DEV-2025-0150,"A deviation was opened due to late closure of CAPA effectiveness check. No recurrence observed.",Documentation,Other,Low
DEV-2025-0151,"During routine in-process monitoring, blend uniformity samples showed increased relative standard deviation compared to historical performance, though still within specification. Investigation identified inconsistent sampling technique between operators during thief insertion. No batch impact was identified, and product was released. The deviation was documented to address sampling consistency and reinforce standardized technique through retraining and SOP clarification.",Process,Training Deficiency,Low
DEV-2025-0152,"A temperature excursion occurred in the API quarantine room when the HVAC unit shut down unexpectedly overnight. The excursion lasted approximately two hours before correction. Review of stability data confirmed no impact to material quality. Maintenance replaced a faulty control relay, and alarm escalation procedures were reviewed.",Environmental,Equipment Malfunction,Medium
DEV-2025-0153,"During review of executed batch records, it was identified that one critical processing step was signed by a second operator rather than the individual performing the activity. Interviews confirmed the step was completed correctly. The deviation addressed documentation integrity and contemporaneous recording expectations.",Documentation,Human Error,Low
DEV-2025-0154,"An OOS result for impurity level was observed during release testing. Investigation determined the chromatographic column had exceeded its validated usage life, affecting resolution. Testing was repeated with a qualified column, yielding acceptable results. Column lifecycle management controls were strengthened.",Process,Procedure Inadequate,Medium
DEV-2025-0155,"A deviation was opened when a supplier shipment arrived without required tamper-evident seals. The material was quarantined pending investigation. Supplier confirmed a packaging deviation at their facility. Material was rejected as a precaution.",Material,Supplier Issue,Medium
DEV-2025-0156,"During cleaning verification, rinse water conductivity results exceeded alert limits. Investigation identified incomplete drain-down of the system prior to final rinse. The system was re-cleaned and re-tested successfully. No manufacturing occurred between cleaning cycles.",Process,Human Error,Low
DEV-2025-0157,"An internal audit identified that annual review of a validated spreadsheet used for yield calculations was overdue. No errors were identified in historical use. The deviation addressed validation lifecycle management.",Documentation,Procedure Inadequate,Low
DEV-2025-0158,"A compression machine experienced intermittent main drive alarms during operation. The batch was stopped and placed on hold. Maintenance identified a failing motor bearing. Due to potential impact on compression force consistency, the batch was rejected.",Equipment,Equipment Malfunction,High
DEV-2025-0159,"During packaging operations, an operator briefly staged printed leaflets outside the designated line area. Line clearance controls prevented use. The deviation was documented to reinforce material segregation practices.",Material,Human Error,Low
DEV-2025-0160,"Environmental monitoring trending showed repeated alert-level non-viable particle counts near a filling needle. Investigation identified worn seals contributing to turbulence. Seals were replaced and the line requalified.",Environmental,Equipment Malfunction,Medium
DEV-2025-0161,"A deviation was opened when an analyst failed to document mobile phase preparation lot numbers in the laboratory notebook. Supporting records confirmed traceability. Documentation practices were reinforced.",Documentation,Human Error,Low
DEV-2025-0162,"A raw material was dispensed using a balance that had not yet undergone daily verification. Secondary verification confirmed correct weight. The deviation addressed equipment use controls.",Equipment,Human Error,Low
DEV-2025-0163,"During annual media fill review, it was identified that one simulation exceeded the maximum number of permitted interventions due to training activities. Although no contamination was observed, the run was invalidated and repeated.",Training,Procedure Inadequate,Medium
DEV-2025-0164,"A deviation was initiated due to late initiation of stability pull testing beyond the scheduled window. Samples remained under controlled storage. No data integrity issues were identified.",Process,Other,Low
DEV-2025-0165,"During warehouse inspection, a pallet of secondary packaging was found leaning due to improper stacking. No damage occurred. The deviation addressed material handling and storage practices.",Material,Human Error,Low
DEV-2025-0166,"An SOP governing cleaning agent preparation referenced an obsolete concentration range. The deviation was documented to align procedures with validated cleaning parameters.",Documentation,Procedure Inadequate,Low
DEV-2025-0167,"A deviation was opened when a blister machine sealing temperature briefly exceeded the validated range due to sensor lag. Product inspection showed no defects. Engineering recalibrated the sensor.",Equipment,Equipment Malfunction,Medium
DEV-2025-0168,"An analyst deviated from the validated centrifugation speed during sample preparation. The error was identified during peer review, and testing was repeated correctly.",Process,Human Error,Low
DEV-2025-0169,"Supplier audit findings identified inadequate change control documentation at an excipient manufacturer. No impacted material was in use. Enhanced supplier oversight was implemented.",Material,Supplier Issue,Medium
DEV-2025-0170,"A deviation was initiated when environmental monitoring plates were incubated in the wrong sequence, delaying result availability. No adverse trends were identified.",Environmental,Human Error,Low
DEV-2025-0171,"During filling operations, an operator failed to perform a required in-process weight check at the scheduled interval. Subsequent checks were within limits. Risk assessment supported batch release.",Process,Human Error,Medium
DEV-2025-0172,"A deviation was recorded due to incomplete reconciliation documentation for returned printed components. Physical counts confirmed accuracy.",Documentation,Other,Low
DEV-2025-0173,"An unplanned shutdown of the purified water generation system occurred during routine sanitization. No manufacturing activities were impacted.",Equipment,Other,Low
DEV-2025-0174,"A training deviation was opened when aseptic technique requalification was completed one week past due. No aseptic processing occurred during the lapse.",Training,Training Deficiency,Low
DEV-2025-0175,"A batch experienced delayed drying due to equipment availability, resulting in extended wet mass hold time. Stability data supported acceptability.",Process,Other,Low
DEV-2025-0176,"During routine inspection, cracks were observed on a non-product contact floor surface in the dispensing area. Facility repair was scheduled.",Environmental,Other,Low
DEV-2025-0177,"An operator entered an incorrect date format in an electronic batch record field. The error was corrected with audit trail documentation.",Documentation,Human Error,Low
DEV-2025-0178,"A deviation was opened when an HPLC autosampler needle was found bent during maintenance. No samples were affected.",Equipment,Equipment Malfunction,Low
DEV-2025-0179,"Incoming primary packaging components arrived with mixed pallet labeling. Components were segregated and verified before release.",Material,Human Error,Medium
DEV-2025-0180,"Environmental monitoring results showed a single action-level recovery in a Grade C area. Investigation identified improper cleaning of a drain. Corrective cleaning was performed.",Environmental,Procedure Inadequate,Medium
DEV-2025-0181,"A deviation was initiated when an SOP training acknowledgment was missing for one operator. Training was confirmed verbally and re-documented.",Training,Human Error,Low
DEV-2025-0182,"During coating operations, spray gun alignment was adjusted without documentation. Product quality was not impacted. Documentation controls were reinforced.",Process,Human Error,Low
DEV-2025-0183,"A supplier CoA listed test methods not aligned with approved specifications. Additional testing was performed prior to release.",Material,Supplier Issue,Medium
DEV-2025-0184,"An internal review identified that periodic review of alarm limits had not been performed per SOP schedule.",Documentation,Procedure Inadequate,Low
DEV-2025-0185,"A deviation was opened due to repeated minor pressure fluctuations in a cleanroom during peak personnel movement. Procedural controls were updated.",Environmental,Other,Low
DEV-2025-0186,"An operator selected an incorrect cleaning cycle on automated equipment. The issue was identified before equipment release.",Equipment,Human Error,Medium
DEV-2025-0187,"A batch failed assay uniformity during final testing. Investigation identified inadequate mixing time. The batch was rejected.",Process,Procedure Inadequate,High
DEV-2025-0188,"A deviation was recorded for incomplete documentation of maintenance activity start time. Maintenance records confirmed completion.",Documentation,Human Error,Low
DEV-2025-0189,"During stability testing, a refrigerator alarm was acknowledged late. Temperature remained within acceptable limits.",Environmental,Human Error,Low
DEV-2025-0190,"A training deviation occurred when SOP retraining was not triggered following a minor revision.",Training,Procedure Inadequate,Low
DEV-2025-0191,"An equipment interlock failed to engage during setup testing. Engineering replaced a faulty sensor before use.",Equipment,Equipment Malfunction,Medium
DEV-2025-0192,"A deviation was opened when blend samples were mislabeled during transport to the lab. Samples were re-collected.",Process,Human Error,Low
DEV-2025-0193,"Supplier-provided extractables data was incomplete for a new packaging component. Additional data was requested before approval.",Material,Supplier Issue,Medium
DEV-2025-0194,"Environmental monitoring incubator calibration was found overdue during audit. No impacted results were identified.",Environmental,Procedure Inadequate,Low
DEV-2025-0195,"An operator failed to follow proper gown removal sequence when exiting a controlled area. The incident was observed and corrected.",Training,Human Error,Low
DEV-2025-0196,"A deviation was initiated when a batch yield calculation spreadsheet used an incorrect rounding rule. No release impact occurred.",Documentation,Human Error,Low
DEV-2025-0197,"During compression, feeder speed fluctuated due to worn drive belts. The batch was placed on hold and later rejected.",Equipment,Equipment Malfunction,High
DEV-2025-0198,"A deviation was opened due to delayed QA review of deviation investigation beyond target timelines.",Documentation,Other,Low
DEV-2025-0199,"A supplier shipment was received without temperature monitoring data. Material was rejected.",Material,Supplier Issue,Medium
DEV-2025-0200,"An operator misinterpreted a cleaning verification acceptance limit. Results were within specification.",Training,Training Deficiency,Low
DEV-2025-0201,"During routine review of in-process control data, a transient spike in granulation torque was observed outside the historical operating range, though within validated limits. Investigation determined the spike coincided with manual addition of binder solution at a slightly increased flow rate. No impact to granule quality attributes was identified based on subsequent testing. The deviation was documented to reinforce adherence to controlled addition rates and monitoring expectations.",Process,Human Error,Low
DEV-2025-0202,"A temperature excursion occurred in the stability chamber during weekend hours when the backup power supply failed to engage immediately following a brief power outage. Chamber temperature remained above the setpoint for approximately 45 minutes. Stability data and excursion impact assessment confirmed no effect on stored samples. Maintenance performed corrective actions on the backup system.",Environmental,Equipment Malfunction,Medium
DEV-2025-0203,"During batch record review, it was identified that one page of the executed record was scanned upside down, resulting in reduced legibility in the electronic archive. The original hardcopy record was reviewed and confirmed complete and accurate. The deviation addressed record archiving and scanning practices.",Documentation,Human Error,Low
DEV-2025-0204,"An OOT trend was identified for dissolution results during annual product review. Although all results remained within specification, investigation linked the trend to gradual wear of compression tooling. Preventive replacement of tooling was implemented to restore process capability.",Process,Equipment Malfunction,Medium
DEV-2025-0205,"A deviation was initiated when incoming excipient containers arrived with damaged outer cartons, potentially compromising cleanliness. The inner liners were intact, and additional inspection confirmed material suitability. The incident was documented to reinforce supplier shipping controls.",Material,Supplier Issue,Low
DEV-2025-0206,"During cleaning of a fluid bed dryer, the operator omitted documentation of one intermediate inspection step. Review of equipment status and cleaning results confirmed acceptable cleanliness. The deviation addressed contemporaneous documentation requirements.",Documentation,Human Error,Low
DEV-2025-0207,"An internal audit identified that periodic review of environmental monitoring alert and action limits had not been completed within the required timeframe. No adverse environmental trends were identified. The deviation addressed quality system oversight.",Documentation,Procedure Inadequate,Low
DEV-2025-0208,"A tablet press experienced intermittent weight control alarms during startup. Investigation identified a misaligned feeder component. Adjustments were made prior to batch start, and no product was impacted.",Equipment,Equipment Malfunction,Low
DEV-2025-0209,"During dispensing, an operator staged two similar-looking raw material containers closer than allowed by SOP. Independent verification prevented mix-up. The deviation reinforced material segregation requirements.",Material,Human Error,Medium
DEV-2025-0210,"Environmental monitoring results showed elevated non-viable particle counts during a maintenance activity conducted adjacent to a Grade C area. Investigation confirmed the activity was not adequately coordinated. Procedural controls were updated.",Environmental,Procedure Inadequate,Medium
DEV-2025-0211,"A deviation was opened when an analyst used an incorrect injection volume during HPLC analysis. The error was identified during data review, and samples were reanalyzed correctly.",Process,Human Error,Low
DEV-2025-0212,"A balance used for dispensing failed post-use verification, indicating potential drift during operation. Secondary checks confirmed dispensed weights were accurate. The balance was removed from service for calibration.",Equipment,Equipment Malfunction,Medium
DEV-2025-0213,"Training records indicated that refresher training on a revised cleaning SOP was completed after initial equipment use. No cleaning deficiencies were observed. The deviation addressed training assignment timing.",Training,Training Deficiency,Low
DEV-2025-0214,"A deviation was initiated due to delayed transfer of samples to long-term stability storage following pull. Samples remained under controlled conditions. No data integrity issues were identified.",Process,Other,Low
DEV-2025-0215,"During warehouse inspection, a pallet of finished goods was found positioned partially outside the designated temperature mapping zone. Data review confirmed acceptable conditions. The deviation addressed storage discipline.",Material,Human Error,Low
DEV-2025-0216,"An SOP governing deviation management referenced an obsolete internal form. The deviation was documented to update documentation and ensure consistency.",Documentation,Procedure Inadequate,Low
DEV-2025-0217,"A blister packaging machine sealing jaw temperature briefly dropped below the validated minimum due to a sensor fault. Product inspection confirmed seal integrity. The sensor was replaced.",Equipment,Equipment Malfunction,Medium
DEV-2025-0218,"An analyst deviated from the validated vortexing time during sample preparation. The deviation was identified during peer review, and testing was repeated.",Process,Human Error,Low
DEV-2025-0219,"A supplier provided an updated CoA format without prior notification. All required data were present. The deviation addressed supplier communication expectations.",Material,Supplier Issue,Low
DEV-2025-0220,"Environmental monitoring samples were collected outside the defined time window due to staffing constraints. Results were acceptable. Scheduling controls were reviewed.",Environmental,Other,Low
DEV-2025-0221,"During filling operations, an in-process fill weight check was performed late due to line stoppage. Subsequent checks were compliant. Risk assessment supported batch release.",Process,Human Error,Medium
DEV-2025-0222,"A deviation was recorded when reconciliation documentation for returned bulk containers was completed using an outdated template. Physical reconciliation was accurate.",Documentation,Human Error,Low
DEV-2025-0223,"An unplanned shutdown of the clean steam generator occurred during routine monitoring. No use points were active at the time.",Equipment,Other,Low
DEV-2025-0224,"A training deviation was opened when aseptic gowning observation was not documented for one operator during the qualification period.",Training,Procedure Inadequate,Low
DEV-2025-0225,"A batch experienced extended solution hold time due to downstream equipment maintenance. Stability data supported acceptability of the extended hold.",Process,Other,Low
DEV-2025-0226,"Minor flaking paint was observed on a non-product contact ceiling beam in a manufacturing corridor. Facilities initiated repair.",Environmental,Other,Low
DEV-2025-0227,"An operator entered an incorrect lot number suffix in an electronic logbook. The error was corrected with appropriate justification and audit trail.",Documentation,Human Error,Low
DEV-2025-0228,"A deviation was opened when an HPLC detector lamp reached end-of-life earlier than anticipated. No data impact was identified.",Equipment,Equipment Malfunction,Low
DEV-2025-0229,"Incoming printed components arrived with inconsistent pallet IDs. Components were verified and segregated prior to release.",Material,Human Error,Medium
DEV-2025-0230,"Environmental monitoring results showed an isolated action-level recovery attributed to inadequate cleaning of a rarely used cart. Corrective cleaning was performed.",Environmental,Human Error,Medium
DEV-2025-0231,"A deviation was initiated when an SOP training acknowledgment was completed without required assessment. Assessment was subsequently completed.",Training,Human Error,Low
DEV-2025-0232,"During coating operations, exhaust airflow was temporarily reduced due to damper malfunction. Coating parameters remained within limits.",Equipment,Equipment Malfunction,Medium
DEV-2025-0233,"A supplier stability summary for a critical excipient was missing long-term data. Additional documentation was obtained prior to approval.",Material,Supplier Issue,Medium
DEV-2025-0234,"Periodic review of laboratory alarm limits was completed late due to resource constraints. No alarm events were missed.",Documentation,Other,Low
DEV-2025-0235,"A deviation was opened due to increased personnel traffic near a controlled area during a facility tour. Environmental data remained acceptable.",Environmental,Other,Low
DEV-2025-0236,"An operator selected an incorrect pre-programmed cycle for equipment cleaning. The issue was identified before equipment release.",Equipment,Human Error,Medium
DEV-2025-0237,"A batch failed blend uniformity acceptance criteria during final testing. Investigation identified inadequate blending time. The batch was rejected.",Process,Procedure Inadequate,High
DEV-2025-0238,"A deviation was recorded for missing documentation of maintenance tool calibration. Calibration records were later retrieved.",Documentation,Human Error,Low
DEV-2025-0239,"A stability chamber alarm was acknowledged late, but temperature remained within allowable range throughout.",Environmental,Human Error,Low
DEV-2025-0240,"A training deviation occurred when SOP retraining effectiveness was not assessed following revision.",Training,Procedure Inadequate,Low
DEV-2025-0241,"An equipment safety interlock failed verification during routine testing. The equipment was locked out pending repair.",Equipment,Equipment Malfunction,Medium
DEV-2025-0242,"A deviation was opened when blend samples were temporarily stored outside the designated container type. Samples were re-collected.",Process,Human Error,Low
DEV-2025-0243,"Supplier-provided microbial limit testing data did not reference the current pharmacopeial chapter. Clarification was obtained.",Material,Supplier Issue,Low
DEV-2025-0244,"Environmental monitoring incubator humidity control was found non-functional. Incubation conditions remained acceptable.",Environmental,Equipment Malfunction,Low
DEV-2025-0245,"An operator briefly contacted a non-classified surface during gowning qualification. The run was invalidated.",Training,Human Error,Medium
DEV-2025-0246,"A deviation was initiated when a batch yield calculation used preliminary weights instead of final reconciled values. No release impact occurred.",Documentation,Human Error,Low
DEV-2025-0247,"During compression, force control drifted due to hydraulic pressure instability. The batch was placed on hold and later rejected.",Equipment,Equipment Malfunction,High
DEV-2025-0248,"A deviation was opened due to delayed closure of a CAPA effectiveness check. No recurrence of the issue was observed.",Documentation,Other,Low
DEV-2025-0249,"A supplier shipment arrived without required humidity indicator cards. Material was placed on hold pending assessment.",Material,Supplier Issue,Medium
DEV-2025-0250,"An operator misunderstood cleaning acceptance criteria during visual inspection. QA review confirmed acceptable condition.",Training,Training Deficiency,Low
DEV-2025-0251,"During routine in-process checks, tablet thickness measurements showed increased variability compared to historical trends, though still within specification. Investigation determined that minor wear on compression rollers contributed to the variability. No impact to finished product quality was identified. Preventive maintenance scheduling for roller inspection was revised to prevent recurrence.",Process,Equipment Malfunction,Low
DEV-2025-0252,"A temperature excursion occurred in the finished goods staging area when a dock door remained open longer than expected during loading activities. Data review confirmed that product temperatures remained within acceptable limits. The deviation was documented to reinforce warehouse loading controls.",Environmental,Human Error,Low
DEV-2025-0253,"During batch record review, it was identified that one non-critical field was completed using an incorrect date format. The error was corrected with appropriate justification. The deviation addressed documentation accuracy expectations.",Documentation,Human Error,Low
DEV-2025-0254,"An OOS result was generated for friability during in-process testing. Investigation identified insufficient lubricant distribution due to premature discharge from the blender. The batch was rejected due to potential impact on tablet robustness.",Process,Procedure Inadequate,High
DEV-2025-0255,"A deviation was initiated when incoming printed packaging components arrived without updated revision identifiers. Components were quarantined until verification against approved artwork was completed.",Material,Supplier Issue,Medium
DEV-2025-0256,"During routine cleaning verification, a small amount of residue was observed in a hard-to-access equipment joint. The cleaning SOP did not explicitly address this location. The equipment was re-cleaned and the SOP updated.",Process,Procedure Inadequate,Medium
DEV-2025-0257,"An internal audit identified that periodic review of computerized system user access had not been completed within the required timeframe. No unauthorized access was detected.",Documentation,Procedure Inadequate,Low
DEV-2025-0258,"A capsule filling machine experienced intermittent stoppages due to sensor misalignment. The issue was corrected prior to batch start. No product was impacted.",Equipment,Equipment Malfunction,Low
DEV-2025-0259,"During dispensing, two raw materials with similar names were staged adjacent to each other, contrary to SOP requirements. Independent verification prevented a mix-up. The deviation reinforced segregation controls.",Material,Human Error,Medium
DEV-2025-0260,"Environmental monitoring data showed elevated non-viable particle counts during a maintenance activity conducted nearby. Investigation confirmed that barriers were not fully deployed. Procedural controls were strengthened.",Environmental,Procedure Inadequate,Medium
DEV-2025-0261,"A deviation was opened when an analyst used an outdated worksheet template during analytical testing. Calculations were verified and found correct. Documentation controls were reinforced.",Documentation,Human Error,Low
DEV-2025-0262,"A balance failed daily verification due to mechanical wear. Review confirmed no dispensing activities occurred since the last acceptable check.",Equipment,Equipment Malfunction,Low
DEV-2025-0263,"Training records indicated that refresher training on a revised deviation SOP was completed after initial use. No errors were identified. The deviation addressed training timing.",Training,Training Deficiency,Low
DEV-2025-0264,"A deviation was initiated due to delayed initiation of a stability pull beyond the scheduled window. Samples remained under controlled conditions. No impact was identified.",Process,Other,Low
DEV-2025-0265,"During warehouse inspection, a pallet of API drums was found positioned too close to a wall, restricting airflow. Data review confirmed no temperature impact.",Material,Human Error,Low
DEV-2025-0266,"An SOP governing environmental monitoring referenced an obsolete sampling location. The deviation was documented to update procedural accuracy.",Documentation,Procedure Inadequate,Low
DEV-2025-0267,"A blister packaging machine sealing pressure briefly exceeded the validated range due to controller lag. Inspection confirmed acceptable seals.",Equipment,Equipment Malfunction,Medium
DEV-2025-0268,"An analyst deviated from the validated extraction time during sample preparation. The issue was identified during peer review and testing was repeated.",Process,Human Error,Low
DEV-2025-0269,"A supplier notified of a minor process change after shipment of excipient material. Risk assessment confirmed no impact to quality.",Material,Supplier Issue,Low
DEV-2025-0270,"Environmental monitoring plates were incubated at the lower end of the acceptable temperature range due to incubator drift. No adverse trends were observed.",Environmental,Equipment Malfunction,Low
DEV-2025-0271,"During filling operations, an in-process volume check was performed late due to line stoppage. Subsequent checks met acceptance criteria.",Process,Human Error,Medium
DEV-2025-0272,"A deviation was recorded when reconciliation documentation for returned printed components was signed using initials rather than full signature.",Documentation,Human Error,Low
DEV-2025-0273,"An unplanned shutdown of the clean-in-place system occurred during routine maintenance. No equipment was in use at the time.",Equipment,Other,Low
DEV-2025-0274,"A training deviation was opened when aseptic technique observation was not documented for one operator within the qualification period.",Training,Procedure Inadequate,Low
DEV-2025-0275,"A batch experienced extended solution hold time due to delayed availability of downstream equipment. Stability data supported acceptability.",Process,Other,Low
DEV-2025-0276,"Minor surface rust was observed on a non-product contact ladder within the manufacturing area. Facilities initiated corrective maintenance.",Environmental,Other,Low
DEV-2025-0277,"An operator entered an incorrect equipment ID in the electronic logbook. The error was corrected with audit trail documentation.",Documentation,Human Error,Low
DEV-2025-0278,"A deviation was opened when an HPLC pump seal failed during routine system suitability testing. No samples were affected.",Equipment,Equipment Malfunction,Low
DEV-2025-0279,"Incoming cartons of printed labels arrived with mixed orientation, increasing handling risk. Components were inspected prior to use.",Material,Human Error,Low
DEV-2025-0280,"Environmental monitoring results showed an isolated action-level recovery attributed to inadequate cleaning of a mobile cart. Corrective actions were implemented.",Environmental,Human Error,Medium
DEV-2025-0281,"A deviation was initiated when an SOP training acknowledgment was completed without an accompanying effectiveness assessment.",Training,Human Error,Low
DEV-2025-0282,"During coating operations, exhaust airflow was temporarily reduced due to damper sticking. Coating parameters remained within limits.",Equipment,Equipment Malfunction,Medium
DEV-2025-0283,"A supplier-provided CoA listed an incorrect specification reference. Clarification was obtained prior to material release.",Material,Supplier Issue,Low
DEV-2025-0284,"Periodic review of alarm response logs was completed late due to staffing constraints. No missed alarms were identified.",Documentation,Other,Low
DEV-2025-0285,"A deviation was opened due to increased foot traffic near a controlled area during a site visit. Environmental data remained acceptable.",Environmental,Other,Low
DEV-2025-0286,"An operator selected an incorrect automated cleaning cycle. The error was identified before equipment release.",Equipment,Human Error,Medium
DEV-2025-0287,"A batch failed assay acceptance criteria during release testing. Investigation identified inadequate mixing time. The batch was rejected.",Process,Procedure Inadequate,High
DEV-2025-0288,"A deviation was recorded for missing documentation of maintenance tool calibration. Records were later retrieved.",Documentation,Human Error,Low
DEV-2025-0289,"A stability chamber alarm was acknowledged late; temperature remained within acceptable range throughout.",Environmental,Human Error,Low
DEV-2025-0290,"A training deviation occurred when SOP retraining effectiveness was not assessed following revision.",Training,Procedure Inadequate,Low
DEV-2025-0291,"An equipment safety interlock failed during routine verification testing. Equipment was locked out pending repair.",Equipment,Equipment Malfunction,Medium
DEV-2025-0292,"A deviation was opened when blend samples were temporarily stored outside the designated container type. Samples were re-collected.",Process,Human Error,Low
DEV-2025-0293,"Supplier-provided microbial testing data referenced an outdated pharmacopeial chapter. Updated documentation was obtained.",Material,Supplier Issue,Low
DEV-2025-0294,"Environmental monitoring incubator humidity control malfunctioned. Incubation conditions remained within acceptable limits.",Environmental,Equipment Malfunction,Low
DEV-2025-0295,"An operator contacted a non-classified surface during gowning qualification. The run was invalidated and retraining completed.",Training,Human Error,Medium
DEV-2025-0296,"A deviation was initiated when a batch yield calculation used preliminary values instead of reconciled weights. No release impact occurred.",Documentation,Human Error,Low
DEV-2025-0297,"During compression, hydraulic pressure instability caused force drift. The batch was placed on hold and subsequently rejected.",Equipment,Equipment Malfunction,High
DEV-2025-0298,"A deviation was opened due to delayed closure of a CAPA effectiveness check. No recurrence of the issue was observed.",Documentation,Other,Low
DEV-2025-0299,"A supplier shipment arrived without required temperature monitoring documentation. Material was placed on hold pending assessment.",Material,Supplier Issue,Medium
DEV-2025-0300,"An operator misunderstood visual cleanliness acceptance criteria during inspection. QA review confirmed acceptable condition.",Training,Training Deficiency,Low


